"person_id","Zh_N1_Anxiety","Zh_N2_Anger","Zh_N3_Depression","Zh_N4_SelfConscious","Zh_N5_Immoderation","Zh_N6_Vulnerability"
1,-0.717331024044626,-1.89047199987004,-1.06775717507119,0.148884055758987,-0.534641713838606,-0.146592746836879
2,1.43863531241105,0.0313960609662743,0.997171718427928,1.5600761645291,1.15829387470963,1.40404366227706
3,0.830890846600504,0.362894522497406,-0.944203652951132,1.53734782261593,0.35114399553713,1.42244450488871
4,0.775330964994475,-0.506680412015635,1.52185989576375,1.61240417071814,0.0191328495185469,0.498426320099622
5,0.336563939935636,0.603648096953846,0.538545955282523,-0.337050091286617,0.827187828889164,-0.807116933834275
6,0.127834973515218,-2.40495366147443,-0.0963675200333516,-1.63915759515385,1.57842152388036,0.240396438581052
7,-0.592223049893386,0.232731062527664,0.396790863111017,0.557624838087054,0.398253458763893,1.42300291674001
8,0.042418667769385,0.584053768663048,0.913253184041074,-0.690786538668395,-0.121471066711113,1.12811866719569
9,0.601758219723138,0.796505763069573,0.524374623573624,1.83332097851474,0.249681324607316,1.44369179160988
10,0.338311929006477,-0.840038825224025,0.227565554698009,-1.34634504289153,-0.582748872329437,0.448617112953878
11,-1.79421063416999,0.238460710058954,0.245567623156533,-0.0840381426720156,-0.10304174891685,0.119705521439863
12,0.0801190991946091,-1.48892823698786,1.44703631618854,0.464214360898892,-0.74662420909836,-4.02202105363731
13,1.14537959475813,0.000755577085440934,-1.68075694658824,0.203917155919028,-0.0504500225172566,-0.824808246244969
14,0.0150659942792234,-2.9757766901324,-0.153108440525458,-0.916189603166274,0.0402868991146392,0.993574796191328
15,0.996764997182865,1.39653482841717,0.219253184962242,1.69384455555769,0.303444080615462,0.0772878792620816
16,1.03345248767389,0.580955756759084,0.135092064751655,0.899577533071967,-0.348489852989987,1.19351931919283
17,0.908484140546514,-0.26113805332141,0.276812733873425,0.972023134888445,1.10047200348208,0.157531578855171
18,2.02120005514248,0.956986868037018,1.02979326344378,2.07908990138009,0.900832114358592,0.183922762174235
19,0.665578915764907,1.23463734533354,0.469625641454743,-0.447806469465683,0.972177411074661,-0.201275136350199
20,-0.401394489402407,1.0234307067207,1.63235194993669,1.22544171588143,0.674750623548443,1.69055859647936
21,1.35451437610193,-0.385138918880779,0.832310937475188,1.47654072322492,1.46252493572594,0.557064972972429
22,-2.25187575483187,0.56362566386892,-1.30064974607588,0.0721932752337422,0.753577461014111,-0.896608202970836
23,0.150615927091301,0.940618856517538,1.88755583815135,0.654452289682014,1.66499956553849,0.899604270806102
24,0.87902219652122,0.958210078588052,1.85842624166317,1.7084233537706,1.19365001646051,1.10976913539211
25,-0.0513531753883486,0.669548820801647,1.17953767371476,-0.0808318216909638,0.151591266792446,-0.678566767285091
26,1.4004478921939,0.0604701122186013,0.226903175919222,-1.44240362956603,1.44369825939481,-0.0239128019669053
27,0.410942653860474,-1.9969434900147,-2.63966709234897,-0.497043600545252,-0.533566497466355,1.2347003479102
28,-0.115645884837697,1.06431842428505,0.103775515752837,0.685510267454557,2.22324744657194,1.29478026002681
29,0.102604630387709,0.492274100167501,0.596083201511482,-0.788875448632104,0.775783220271563,0.861010728096337
30,0.276011465249044,1.15510028387129,0.836115050071878,0.714670094528857,1.09176916031303,1.38116802904761
31,-1.42076143384844,0.294366109250519,0.880472016815062,1.69470584545016,0.194816064982926,0.827801615606311
32,0.558399398880675,0.541674120468745,-2.2527566530642,-0.564434559152849,-0.298689205601522,-1.00791785602278
33,1.32147401096163,1.11471764890903,1.02979326344378,0.986137370796519,-0.44551689858197,0.503253418801078
34,-0.84106066591962,1.28385086124021,0.531148769819792,-0.748929528395329,-0.095976329520048,-0.6482272742276
35,1.66321039508827,0.472918267612766,1.09262384264025,1.73485624880869,1.51704293958359,1.47075418326674
36,0.422367874218584,0.17418090351423,-0.404703755164529,0.2444449957093,0.816001680145381,1.87378335149387
37,1.73567787240974,0.483253076223851,-0.218786955598091,-0.579798682800366,0.432122068691887,0.431803334207922
38,-0.00479334789353203,1.35044555360994,1.85842624166317,0.906126398421938,-1.11064570468817,2.00845933249103
39,1.42925313218815,-0.308501593142672,0.791291908247443,-0.440815635046872,-0.595313738309498,0.744808219307497
40,0.353926264203891,0.952111143808562,1.01580657398581,0.701175814261165,0.188160500865765,1.22541361472933
41,1.28208189767256,1.12798168497216,-1.03160047270903,0.0856741607535567,0.836133608534413,0.105088077077044
42,1.90586975541407,0.668575989781396,0.632209245709301,1.02757840514739,1.16760636143403,1.0231242683752
43,-0.377329500714475,-0.71203356329514,-1.52665231707214,-1.5222636408864,-2.40816227357317,0.0108808962363637
44,-1.02989056981641,-0.873158079616785,-0.643945051272937,-0.254149413531845,-0.655512496593955,-0.086516396950277
45,0.534158993077211,0.245818890629189,0.800531241597941,1.54881862231897,-1.03873396425228,-1.57009226609016
46,-0.854186545501546,-0.683357671641711,0.826651066951689,-0.841261237177111,0.209470071963529,0.315421470592499
47,1.18286234348532,0.440147522337065,0.368346659509084,-1.07319756321482,1.95509918086161,-0.692460376132355
48,-0.252182364692124,0.422209676484886,0.538545955282523,-0.584816109360881,-0.726749547240641,0.377064174373203
49,1.23989926377074,-0.887186098690846,-0.92652962790188,0.286335289511119,-2.69399724439491,-3.34239836050952
50,0.420192518130109,-0.0855716641576713,-1.1641632242032,0.522777245464985,0.400468939476269,-1.5895475671693
51,0.801769957143043,-0.21175156369094,1.67594477944991,0.837924817957505,1.19628722936255,1.45176527351057
52,0.804786635072991,-0.447233129936846,-4.20755553452854,-0.942841315385765,-0.215760920075182,-2.73272529143259
53,0.792960140506045,0.0512167733383403,0.626736459878564,1.08566073771766,0.997868662919636,0.792253672293825
54,-0.149499563197275,-0.621048736467312,-1.10843432918044,-1.95090974585045,-0.792254283409618,-0.13459626549333
55,0.130722113704068,0.190334750661963,0.607538171782258,0.416474661614853,1.56656862751358,0.797671998836592
56,0.86421508668479,1.33872191056241,0.0361996797328807,0.334403871982861,-0.0480271365847313,1.27818217786954
57,1.06316627631161,1.55788014456683,1.95979384378897,0.506763302622779,1.47498576367555,1.01810404294743
58,1.02552301585402,0.550957419535538,0.243879273166469,0.782515427217577,-1.19742318097885,1.08497407656286
59,0.0965416517667785,-2.41575828039197,-2.97638024710431,-0.737366912249697,-1.67400523821257,-0.956252628123158
60,0.296356713854463,1.64064110561803,0.645779313081955,0.435705900525673,0.045034925949025,-0.462622673029371
61,0.566165880459433,0.417316371680229,0.703679521508775,0.819914818777051,0.189513261764185,0.598802404337276
62,-2.4258688208835,0.0426549788681211,-1.87947349071375,0.742800758639029,0.998740649479265,0.342440587709342
63,-0.229058242708013,0.210505517541233,-0.0935758299025608,1.02547955721992,0.465979158094249,0.773149697381861
64,0.889813131885795,1.47072860775264,-0.931938357225588,1.06944397638763,-0.353644548902909,0.518544959920657
65,0.155045440238923,-0.513743835632978,-0.0764355144560965,0.231017018523231,-0.578267402815037,0.999466086396599
66,1.00751789758599,0.492982111087707,0.178715141053353,1.41387297194197,-0.201892191192687,0.195629535053187
67,1.6098063296823,-0.78293028663963,0.402568120730056,-0.0896143102093061,1.94951493448413,-1.09575821481871
68,0.435169184379529,-0.0659069020575118,-0.185151362443533,0.278757075264535,1.83052566442436,0.62723702743894
69,-0.347024238879712,-4.06578824365029,-0.905253984935659,-0.0585052876913747,-1.9715930142754,0.623315936094632
70,1.24284131086704,1.54305894531728,0.857240747415734,2.20630967463338,1.16760636143403,2.00845933249103
71,0.138022329344613,-0.0585768554859345,0.891926198239608,-0.354698631485188,0.539751128864104,-1.04870325552432
72,1.0973626586872,1.88345402480689,0.459245639010747,0.829244100823323,1.08664180092831,1.23294458690084
73,0.371238327586238,-0.207508447763461,1.59959557592769,-0.70999654136536,0.607401723413844,1.23786655933879
74,0.894406147883701,-0.716199902449558,1.34377160133762,-0.993291763607111,0.969189240072771,1.4351592428976
75,1.00649299611776,0.128189106320652,1.25720686351703,-1.14432793543749,-1.09423233231025,1.93246392530267
76,0.313334819091965,-1.03959840871931,1.09482733279365,-2.84981111243136,0.114074504117093,-1.83710936635942
77,0.316762463023944,-0.0283468021181347,-0.224826797034488,1.1033953422007,0.656964674890512,0.30001396941829
78,-0.45375198397894,0.964417662598755,1.00749387312467,0.219130004761565,0.476988931378591,0.0958561551039281
79,0.543496326260716,-0.236266167940231,-0.548423336851977,1.71630256836619,1.00122508922852,1.31395932286488
80,1.61979703146187,1.39316195509097,-0.338383709025763,1.23095385824726,1.45278234813458,0.886795941661066
81,0.925408899364093,0.134578824534146,1.34377160133762,0.382959560113946,0.416715404679298,-0.624132541216684
82,0.325146883848999,-3.66381466109388,0.385112475417158,-0.338022005000417,0.0154492526332968,-3.04853153351916
83,1.60803528860588,0.387844328828414,-1.88929587547675,0.344054836501688,1.25343456397848,1.13022018866844
84,-1.66586294829463,-0.939607760837276,0.133360771663994,0.10039110676593,-1.04644006081621,-0.536807181719314
85,0.771029129599032,-0.52007710526032,1.37000613407037,0.64415614303532,1.63983153188127,0.587899142738905
86,0.798033686158807,0.199905108400363,-0.621915298206241,0.803969845748512,0.123798597105228,-2.35771573299647
87,-0.213905529246693,1.06779611912144,0.538766053902539,1.47165025516109,0.848505515492454,-0.541757499535644
88,1.17163306312079,0.549131238281665,1.11522587391866,-0.109221048137811,1.59639912599022,1.98577828688441
89,-1.24464131081919,-1.473773407602,-2.4981582701972,-2.32697206152531,0.0497337445750287,-2.36322005850552
90,-0.766520789532408,-0.00764246092220664,-0.890618749126749,-2.88444653153834,0.22183368245842,-0.169115172593567
91,1.17270054874651,1.88345402480689,1.53093847788269,0.622657206007001,1.01812966244568,1.78222388870103
92,-0.37679514593043,0.123854468784244,-0.171146596528118,-0.628975089514081,-1.40578217009811,1.20506530541773
93,-0.90659986983391,0.425712952597863,-2.41543307732045,0.0569681734128562,-3.29989473288814,-1.92277314737846
94,0.0722897107942384,0.896235402486605,0.329318149021876,0.027490332214174,0.624881776136684,0.200714366703975
95,-1.63018203958704,-0.926661318462635,-0.229586717833713,-2.66597832690803,0.690827154581351,-0.670508690843894
96,0.966510394471704,0.342257682987308,0.526025820483847,-1.10232623861155,0.559945340434188,0.29383629024952
97,-0.248766157997394,0.00356066860252413,0.711491026787377,0.55810743256711,-1.64569801463171,-0.827458395160596
98,1.02918970665474,0.94583295529162,1.22755466328567,1.24002675334899,0.631650164787579,2.00845933249103
99,1.22910107392597,0.186188477082275,1.11352294918534,1.304284326226,-0.860511691435705,-0.226856053957146
100,1.14468333758836,-0.218074964203699,-0.222275991711699,-1.38964178024003,1.25379513610668,0.172836702356509
101,1.66321039508827,1.06302791433913,0.816839263869612,1.29635854521529,0.52784574206946,1.18773316506189
102,0.781838955336547,-0.649642518616194,-1.59349910762103,1.04510846186205,1.69897884665544,-2.48090166650931
103,1.31007646399471,-0.275908967437728,1.05934781326584,0.426377950687575,-0.275490668775017,-0.83864119245202
104,0.717819524938215,-0.449678011484411,0.763275810588006,1.17553627993509,1.9849112631587,0.607811268572738
105,0.790748411052876,1.00500992824435,0.718870116708261,0.609462536989833,-0.519675873676979,0.433462370561808
106,0.819028595513567,0.592027474408499,1.58931935420074,1.74935272340138,1.07129879189977,0.0972852439124672
107,-0.782742556202009,-1.13087122539794,1.38915058246423,0.542148957649031,-0.0655818107755443,0.165532039664597
108,0.0127027961019811,1.14341183019223,-0.232754128725328,0.991265116539889,0.721027527421937,-0.91844777484342
109,1.83678318878414,1.35613209706409,-0.488104459963318,2.1175329835186,1.55102489988176,0.982049558950276
110,1.48585875842272,-0.971683814356142,0.114822705068092,0.616778414750842,-0.575049606471949,1.48210277166418
111,0.116006073882809,1.16159081725193,0.614340987064644,-0.0165810579607494,0.0906420563005251,-3.57167533917172
112,-0.961774680572657,0.990910537691155,0.400666377151603,0.134741658551374,1.41449770697642,0.627602051098735
113,-0.950995565021663,-3.43469455726045,0.710789557480146,0.959307024175038,-0.702106420436341,0.434915140141462
114,0.479066508095786,0.148170646449339,0.351057144798415,1.03161763048323,-0.503513056578364,1.54696268500512
115,0.551109359629926,0.116660898182802,0.611373733286094,1.00264340464789,-1.16578156271831,-0.0476688197485565
116,-1.92085449587369,0.43582887203465,0.449484781285761,-1.03997759210509,1.83010304920542,0.0543031255033413
117,1.39662478584163,1.36280165993304,0.472008606784925,1.16540827647392,1.6239934018149,1.15435873975356
118,-0.318841932873872,-0.522986193532201,-0.329319373310942,-0.169798761765816,-0.632803953654745,0.0716181667137669
119,-1.03723173903799,-0.593995818858573,0.739119182953071,0.453546888563585,0.690202054064153,0.889191548304695
120,0.215783543355681,1.40352843558881,1.53956225800128,0.0819811451280271,0.935448374125467,1.98577828688441
121,1.494477427774,0.698306465388927,1.73502811570709,1.24361482055093,2.08627363638883,0.829052780781744
122,-0.621829501410577,0.318007313267831,0.79536505475001,0.390586234010131,0.369142634086661,1.2073502508341
123,-0.171340397813409,-2.34950343063336,0.00915422131318371,-1.42465400466038,-0.755553577129576,0.320401641408644
124,1.66321039508827,-1.70232040969401,0.250028155055097,0.65388841531343,0.389845762640013,1.63405114166079
125,1.07270943530199,0.898580539099086,0.686395614428004,0.550677708816779,0.537689402830986,0.696189543012366
126,1.10054488238287,0.820350198647511,1.05117439163762,0.97619505702448,0.787481412506901,0.0652392533762507
127,-2.3519439872291,-0.959484060075692,-0.506805468666185,-1.82071087021139,-0.439573117351382,0.822479789808335
128,0.739862283345113,0.243601225678061,0.686395614428004,-0.758780658907161,-0.0396250860749237,0.582166107993303
129,-1.24510112984835,-1.60918789578965,-1.95257247760375,-0.354313760936224,-1.39360334273595,0.818591483758014
130,1.4291639194943,0.61433014590267,0.347539639746351,0.555862291559283,-1.01228214140739,-0.425310947974779
131,-1.13518483136315,-2.87730605583393,1.67594477944991,-0.0943525185382575,-0.0952446037675368,0.322317589082153
132,0.260991030385889,-0.920750123052732,0.686912115251092,1.25040558644085,0.371233381782204,-0.73910681290875
133,0.593309113881483,-0.171363115741214,-0.414689890891479,0.637565960460864,-2.48880614678338,-2.23051965615583
134,0.784863961856434,-1.356304464102,0.0208904568481499,0.371298973267382,-0.345213533469936,-1.7925695959818
135,0.21175104172968,0.841431233600984,0.624189462008523,1.3523579750041,0.133454522041085,0.762799750647152
136,-0.310049862269667,-0.00766057005926995,0.676187104345831,1.99849499484197,0.844639155201742,0.065899993074804
137,-0.544327600468163,0.633965815932342,1.62164782008728,-1.42058631802237,-0.0247959001718654,-0.843622549955358
138,0.458835914567559,0.859251044579521,-0.413265861432763,0.87430727224869,0.23185046269092,-0.380406967551803
139,-1.71406266302657,0.959182600004572,-0.154508960278648,-0.995542196556079,-0.4979088919021,0.582010091686673
140,1.27912175054442,-0.177677091634495,-0.0826234436611695,1.68799001621119,0.795313301786861,1.27290167553002
141,1.71775536142634,0.548718050125382,1.0792402960832,-0.52486236416328,-0.309034416295433,1.36342316590258
142,0.23802268322518,0.251039172673717,0.359095631254819,-2.31543383637924,-0.00109389941818003,-1.12465501392684
143,-3.92645274176739,-1.52848990787104,0.710789557480146,-2.54593333835226,0.748898055018803,0.992375384319058
144,-0.687740896257203,-0.116823016048666,-0.591182402829584,-0.386322848519792,0.128990888557447,0.0838539362704389
145,-1.30661302515142,0.0862557039704635,-0.864903925961829,-0.711495483683676,-0.939266897646716,-2.31810380674983
146,-0.888993012928544,-0.169443982797232,0.882167605555313,0.620649045042331,1.59525807871908,-0.754599948562902
147,-0.743742983471901,-1.55347161064089,-0.188414462204214,-0.974904343885341,-1.92741743290769,-0.542788360824138
148,-0.727320429572148,1.19232146628985,0.952045673529224,0.834145330660829,1.03544183252456,1.4870175041201
149,-1.93868734580168,1.35619426786124,1.09114464655367,-0.398525190654099,-0.567468813525055,-1.57623519597283
150,1.48274358515787,1.11785753002285,0.536753945202666,-0.0508320438904461,0.504121717973122,1.04988445903513
151,1.59229307338085,1.83882880653946,0.740207615607345,1.55397865598455,1.77761802401151,2.00845933249103
152,0.702200936779542,1.12628950887298,1.00749387312467,-0.0449982334812844,1.07278956493142,0.728002787047752
153,1.06184226694958,-0.173668174823181,0.17136955167296,0.280652293487293,0.297540514994909,0.114012813815576
154,0.719497861632049,1.45645543637767,1.05117439163762,1.26336572678748,0.945577518651067,2.00845933249103
155,2.30606625434848,1.45523281980255,-0.238530990847951,0.802615555301555,1.61247025254284,1.71954569270002
156,-1.13816300879884,0.564947047468885,-0.509541439626705,-0.597295057375377,-0.698190805394262,0.977617467223136
157,1.44886036468381,0.894444645020918,0.710789557480146,0.713610213492946,-1.03196873753093,1.20397886879314
158,-0.140970543513014,0.175365500728764,0.103399068878793,0.787586739184478,-0.547886034089157,0.381226963028265
159,-0.0268110653837627,-0.42503324140147,-0.0317120272514799,-0.888272474108571,0.00198667841535985,1.50214823695348
160,1.75838408780267,0.870640177424327,0.95670020108191,1.41500516059241,0.621715440022035,0.727763957411567
161,1.99526235226592,-0.972672950822353,0.571178665947132,1.30912038750095,-0.811723071784771,-0.235203734968786
162,0.584472041611783,-1.51093825590994,0.962027546982724,-0.532647064388415,-0.312215474631379,-0.720549870451193
163,0.909752074664986,0.0541036502364723,0.893389077012466,1.5795680642278,0.442950919638941,1.51644377492215
164,1.89290256570181,1.71580518533526,0.696310527977595,1.76126444508724,1.71670288873945,-0.0728388612786227
165,0.187714487217407,1.20633090071306,-0.541803893058588,1.72209355869214,1.10650163499644,-0.0445309116198018
166,-0.231185825345752,-1.524707312755,1.20919031142624,0.253481693465643,0.994188086129522,0.405070325268774
167,1.13968871071147,0.679805935650214,0.659978096802776,0.705577162043481,0.341472285289218,-0.081557623184516
168,1.29218738443403,1.11026041012188,0.826651066951689,1.15582219641103,0.314568341910924,1.4011538482225
169,1.66321039508827,0.0518954482627481,-0.0697564326877619,1.00334735040349,0.12325470421808,-0.23046631502223
170,-1.46523475171191,1.55713921894101,1.62577195113087,1.93140600394297,1.05869317192393,1.02206666689772
171,0.118573240853162,0.037688481121108,-2.02467886718803,-0.260981130555512,-0.190298926989733,-1.9566971135557
172,0.186986520736603,-0.0388064237203862,0.200238096642902,0.461878675582145,1.75073618727895,1.07338165350069
173,-1.76931728969378,-3.82680449681342,1.00749387312467,-3.1396738071081,0.390402326704536,0.561824404066052
174,0.327283351870812,1.12117251388349,0.900761139743134,1.18650099011833,1.14530776557435,-0.0239128019669053
175,0.550884834295529,1.88345402480689,0.726526687179255,1.4153258775055,1.1043488467086,1.32594300418554
176,0.348920721415065,1.29520141711599,1.41920363207917,0.620293178170359,0.6434392759758,0.304110884520127
177,-0.344617459713564,1.17424214829828,0.349473472211741,-0.831356228914015,0.390344435253485,-0.0367308095751017
178,-2.04461727096035,1.19200235877923,-1.49714988339412,-0.833501925558966,-0.707736771421855,0.382786763520869
179,-0.0688204737535144,0.437707481846226,1.32567848372902,0.706459145823526,0.464664477138805,0.448448534543803
180,2.01302515267077,1.22917804512391,0.736347577755599,1.51921339284389,-1.39802726234326,1.30787340056387
181,1.11907130250667,0.898580539099086,1.00749387312467,-0.779724376406489,-0.338804133204788,0.992375384319058
182,1.17082107789026,0.695282952816027,0.360348770145831,1.30507856176834,1.52764234427738,0.0943405837588431
183,-2.20675585138602,0.5937446962228,0.0195066713416153,0.494751033073387,-0.0356497286501769,-0.649116192144505
184,-1.60869924187881,0.486658268242585,0.538545955282523,0.594080002181777,-1.12794341849439,0.774525583663447
185,1.11907130250667,1.03894819293262,0.710789557480146,-0.304428273262348,0.704757095902567,-0.378048066474589
186,0.529995430805996,1.26771493781293,0.962027546982724,0.632249279701028,1.68920418893447,1.98577828688441
187,0.483496895428619,-1.27573321926794,0.682587919892988,-1.24446380821619,0.461467713649993,0.0591129724916199
188,0.22429761226366,-1.02116729534392,0.691617671416739,0.183508405633721,1.17194079725004,0.615820369341861
189,-0.376908101055187,-0.611502900632548,-1.12842103703609,0.156979078070153,1.53233594612203,-0.526536655431284
190,0.750895584137636,-0.776340372275597,1.02067822460237,0.860679124652769,0.497313942996373,0.318256517149069
191,1.63015494201683,1.48713035948613,1.15847200046633,1.02823253800039,1.69025999750802,1.42300291674001
192,1.20059898058752,-0.199296842944689,0.104737124547193,1.44461812607441,0.529952812216171,-0.440429584514084
193,1.09160359327508,0.687554530604275,0.79620499812674,1.89263473212346,1.34025770366384,-0.0970098132339753
194,1.6098063296823,1.56680613670426,0.783419715255496,1.30216952660504,1.15127897155604,-0.81049885964548
195,1.70472611385454,0.0382212240692351,1.58931935420074,0.692522501089701,0.909220405566516,0.322221848615654
196,0.0690637984601283,1.25529561487357,0.155415540757606,1.72587740700072,-0.342648354318238,0.800226098417854
197,-0.0265230561253779,-1.19822012368495,1.60711758521586,2.05311506688212,0.839587286541388,-0.276657728749457
198,0.628783486689187,0.969430544106047,1.00749387312467,0.192338756799653,1.5668668490635,1.2347003479102
199,0.196924837918787,0.42893439174021,-0.609262723393023,-1.450530341303,-0.130367017616546,1.14054684600097
200,1.01182853025992,-0.0257455724045592,-1.68425797106772,0.703068435141783,1.14489079326403,-0.146898932530356
201,-1.03477457672424,1.54305894531728,0.443131409965518,1.28410559950893,0.433822386162752,1.12959783299908
202,-0.994928969655628,0.859069499157182,1.03686461714202,-0.287662446419727,1.45163185242944,0.905572468564518
203,1.13325112302454,-1.12854079606387,0.469140381510727,0.379349800094182,1.5718227340623,-0.312832708064603
204,-0.633307139907356,-3.51101709693966,0.837275691250871,-0.73971919398142,0.18206729053594,-0.0125644628244875
205,1.78604037950923,0.273476497153703,0.704993589761985,1.93299341328245,0.904523947847797,1.05917099091734
206,0.241750909435478,-0.155750416287435,0.721581561780026,-0.654033010159015,-0.606971870096956,-1.5431979668452
207,1.58676609228194,0.436440953038703,0.417580332726453,2.07693522354225,1.45866884528119,0.85737178139896
208,-0.58638331058609,1.11026041012188,0.710789557480146,0.362431155305866,0.804084147055558,1.02875078720543
209,-2.57400287915333,-3.07860837103311,-0.700119635944369,-1.03277219801175,-0.996531837892343,-2.27938931589349
210,0.57763544433434,0.228000516510118,-0.976247789323278,0.668330086940109,-0.336825951218056,-1.84479473690955
211,-1.59390052627539,1.57697390056934,-0.11959462348913,0.802235882424912,0.100804127788703,-0.0678434293794421
212,1.76404803405442,1.46519785126092,1.11097870427579,0.0927536675041997,2.04695874173968,1.23923786899581
213,0.767090353717287,0.964700723596515,0.249184955953396,-1.55300225885474,0.79226303370274,1.15435873975356
214,0.551074153964344,1.1681903271871,0.508405581389586,1.13855351835526,0.91656148727716,1.23246153407836
215,0.663012901449752,-1.01143891047804,0.0239117958952008,-0.773963480877849,-0.714891639817713,-0.0838270230524672
216,0.220653358600561,-1.49180605266517,-0.744862742883734,-0.773954427918036,1.4879885393308,-0.822028647749551
217,1.05313217070444,1.67289699741709,1.61148985603904,1.07575669024262,0.359658252551731,-0.560013109391266
218,-1.02240067747488,0.977820679393264,-1.31760073467755,0.0306336636286091,-0.35845172784503,0.431527555527719
219,0.468815836846814,0.969430544106047,0.710789557480146,-0.152966307154106,-1.48921261491702,1.20397886879314
220,0.1330557011521,-0.261167846738601,-0.00652142721852747,-0.734357507114027,0.704205731242499,1.44317124225545
221,0.496518731982482,0.424123678626037,0.493721625798902,1.08864033591792,1.27157211230705,0.987049474570901
222,1.66321039508827,1.19209718488508,-0.679167650040721,0.597971927439382,0.937608777794326,-0.144071323589907
223,0.198512693136966,1.64825675793113,-1.83536128445209,0.726248595889983,-0.860241972841392,0.0841126221390822
224,1.5035585906597,0.308503368320272,0.0429427917480631,-0.899773783203705,-1.70831587222677,-1.22646909370847
225,1.55708904221698,1.18612625571037,0.624463086259388,-0.948133590136485,1.42495548803528,-0.0128304983322124
226,1.76404803405442,0.995748272590229,-0.171146596528118,0.764101948798703,0.863525331684219,0.844908471500844
227,1.46640518102759,-1.07946788848848,-0.273650531511343,0.644794105879967,-0.697445282341095,1.52894699724103
228,0.319214391184382,1.07237811761876,1.96724682267767,1.81585496865921,1.62351113825472,0.564209779806497
229,1.49009370722034,-0.0876125579717665,-0.136458973079679,-1.42765147324682,-1.02554967352688,-0.47876274015426
230,-0.0342917485230646,0.644215802009533,-0.101059418138982,1.01154564629374,-2.22257351857539,-0.465306259481947
231,0.351891083343886,0.675527852172254,1.06814756615465,0.0658037275463446,1.7622056747597,0.67459095451462
232,1.9451485626926,1.21363040077865,0.568558903925312,0.496698654926929,0.460793667283673,-0.304587189086487
233,-2.72631299146717,-2.05095211254675,-0.736079271945207,-0.872937137536216,-1.30310314093427,-1.14603997783011
234,1.09189025414011,-0.168955966755777,1.29130019090308,-1.37182951131185,0.0416652804417483,1.48210277166418
235,-1.69096303715189,0.898580539099086,-0.660898649790167,-0.545179876929398,0.247721980836287,-0.591510171526953
236,0.213606250917485,0.271318714985919,1.64372037026906,0.42633321213869,1.26269724978918,-0.181631122584712
237,2.30606625434848,2.00715130790942,1.20036760288397,-0.0882417142064936,0.848946567881234,0.514251921790999
238,1.37766251254578,1.52456142010179,0.174742794331343,-2.23032740296518,0.746278844361948,1.09353071300892
239,-1.34052956150479,-0.286090762018012,-0.0584363157918659,0.365750510345254,-0.240275926707328,0.939623683095282
240,-0.8155985884675,-0.163915282152607,1.7607542013192,1.02283757420995,0.326153504746498,1.16141424093988
241,0.80195697899855,1.41128467263628,-0.655714554398328,-1.14099745833006,0.256800806445213,-2.24284702201831
242,-3.28578282228943,-3.16094153506372,0.142027624437951,-2.47066846062962,-0.843679450182872,0.742764947075058
243,1.18486105569336,1.04225083685234,-0.14337471489326,1.25179723809467,1.16156260897416,-0.0595103570485212
244,0.195950234878031,0.083034709741231,0.637493014524776,0.381789923136587,-1.02140356797629,-0.272685133726757
245,-1.1458640491266,-0.64007276461226,-3.14804213223959,-1.23833884999836,-1.84963443887898,-0.645249023810212
246,0.526856557609899,2.17116777894997,0.0801169541076886,1.16316069750768,0.715044862552316,0.949877808298859
247,1.36356158797573,1.22900120063463,0.101747608867013,0.680802422097356,1.10714497697169,1.24543655206799
248,-1.26825309986903,-1.91463714306489,0.834247462575829,0.744095772244021,0.338451680694757,-1.55960740196652
249,0.00781719431154702,-1.057810129984,0.156210519177637,1.33648643830087,1.99996595171294,0.113452997235112
250,-1.76551357419731,1.11046696812368,-0.98330855258857,1.06832853868305,0.623616946172698,0.88508208827511
251,0.560371297548976,0.558236525762781,-0.158577157117891,1.25937127031213,1.1959495600151,0.777534534739663
252,-1.21544529297386,-0.757429934557713,0.800899952165031,-0.604128571235279,1.26721588269795,-1.05020448109098
253,-0.0744497528074285,-0.48595583834383,-0.276024733239923,-0.393243673113623,1.23652085282942,0.814338408424255
254,-1.75409168822456,-0.866925642245486,1.21406559174167,-0.309654529409551,-1.3436479279245,-2.05950417297915
255,0.831935859742256,-1.0724424202444,1.2380611817249,-1.03495660159597,-1.03494369478702,0.667815053545699
256,-1.45491425616741,-1.60330852074941,-2.18207022300505,-0.134798224745003,-1.00730703480634,-0.599353204203382
257,1.48274358515787,1.88345402480689,0.586244587360224,0.536809555160963,1.20513736992967,1.19411338885015
258,0.652678449302931,0.114864626605519,0.912098049085451,-1.4355690785127,-2.15385685928892,-3.6954861113085
259,-2.22576326638639,0.414350785918749,-0.53609633149144,-0.781792142084016,1.11564332332668,1.20397886879314
260,-0.34660657441884,-0.677497851785664,0.633516412032786,1.52431704556493,1.40856566250383,0.648300501054036
261,0.267381136460123,-0.499027751248645,0.657729660327325,0.594307656802721,0.0545967974721202,0.276291279504492
262,0.470319193144388,1.60033243745879,0.410761494048062,1.31103994788061,0.482133330824786,1.70557573125747
263,-0.334640456482504,0.0518826295285087,-1.10099029081439,0.340810459272023,-1.47302663560348,-0.118506930905044
264,0.929711712863879,0.0315919149059551,0.385441129527585,1.32006928820482,-0.725942239972843,0.0321822732703581
265,-0.0592702908212681,1.05265144495848,-0.947588776757238,0.467398902460258,1.45464896334596,1.24994911456336
266,0.408901682159192,1.47005128291673,0.906309078570399,0.701175814261165,1.6009312927251,1.62983300918691
267,-0.23532259536292,-2.11848477792386,-1.17669389634548,0.838062763134233,-0.227691829693376,-0.314767927917267
268,0.964942835123925,0.725062013030451,-0.393340267058957,1.25590357299048,0.742903609179615,0.730321001299762
269,1.9451485626926,-0.360711219348362,1.92567368607445,-0.538973708101581,0.963968158085705,-0.649674444770353
270,-0.170393585983623,0.441668988385196,-0.194538711737634,1.40552956188808,1.40537517548127,-0.365845116056566
271,0.756705395105427,1.19200235877923,0.415834874958798,1.13480914091769,1.12706131732107,0.221834323146672
272,2.07328358018669,-0.0655904338696066,0.980884747071145,2.24465527706032,1.23268973591163,0.707478007596538
273,0.316362325280972,1.25813879193217,0.820955781768673,1.12830234691732,1.42445919143759,1.00312657092619
274,1.73567787240974,0.925107726046462,1.17859457018827,1.82109458945644,0.0860892619221284,1.20512756244994
275,-0.739491001215099,1.29085318708213,0.547277676607465,-0.118655204917416,-1.14862641290306,0.992375384319058
276,-0.217871391090909,-0.202983411759519,0.790551881702087,-1.12498222053435,0.607509621855685,-1.00656586513225
277,0.267525659686943,1.55713921894101,0.0938839447816543,0.738730116773594,0.54179085878593,1.16751112130977
278,1.44063156551208,1.17413574387565,0.571393875714417,0.913306037693013,0.686755574352301,0.450790161522117
279,0.649637878228599,-0.162916381159878,1.09114464655367,0.475641433658313,-1.78540034561326,0.977822607382391
280,-0.346056116939644,-0.617100375719675,1.36613983980408,1.7162451467008,1.0536953003356,-0.433152364110035
281,0.296237296538359,1.43705508211725,0.895046544911401,0.734920501901078,0.243652144055071,1.17639463703633
282,1.61842910274588,1.25037254636344,0.415997866296511,1.1215611181124,0.37763181313803,0.202461991038889
283,0.889637555973057,0.437732119116038,0.610571218584276,-1.37576226268499,1.00467276542622,0.541636828995617
284,-0.798360193995815,-0.799548635304669,-0.282491493937777,1.2814571098239,0.00225607527561964,0.979125166281804
285,1.06242796680018,0.272302631781304,0.519773273412331,-2.73025976399532,-0.821390340709443,-0.968483851064321
286,1.85347754767627,1.56335163022605,0.459193752523815,0.632011569555904,1.17920413704923,0.699075525952153
287,-2.33985062181901,0.19549260768712,-0.674095427670411,0.840927877133739,-1.77889605693972,-1.67552975287825
288,-0.33674387456601,-0.401133719910157,0.28194630055624,1.19041042379209,1.24729651766321,0.971926391626001
289,-0.56862944887647,0.579110979402421,1.0111273416755,-0.33147356314386,0.121580198809676,0.459262782162168
290,0.53615945849343,0.287189008892506,1.57044554365226,1.49819504468606,1.41399134673517,0.527121125239925
291,-2.47526553183103,0.226215971377447,-1.11038309666805,-0.333772401128622,0.596890600243824,1.6393658575992
292,-1.60282320729828,-2.3678188772639,0.538545955282523,0.842506525645912,-1.49176581173969,-0.842956711701853
293,0.445573913176326,0.0972621395562061,-0.710470090653652,-0.346825682444545,-0.0141511078962801,0.260725138835637
294,0.934012886726773,1.36280165993304,0.0106325704998448,1.74935272340138,1.80782622017293,1.36049479924816
295,-2.93098819078115,-0.558004040921788,-3.81836350923399,0.352178893301895,-0.929093185290078,-3.34626477044127
296,0.764149940022123,1.88345402480689,1.51331472579234,1.84573648840852,-0.192912529317206,0.331361119968214
297,0.98878782161393,0.194826994275362,0.341887576194848,0.948511804294666,1.26965917273533,0.0963628166943193
298,1.54269879456846,1.95051415890315,1.60711758521586,-0.965254903834373,-1.25599287751331,0.822106592742144
299,0.918985947523972,1.88345402480689,1.85842624166317,0.467099117159481,1.35821626621787,2.00845933249103
300,-1.14547638773536,-0.482361612865197,0.101510582938952,1.15921435115422,0.825103156086899,0.990098694667147
301,-0.489343626249333,1.36373510210469,-0.458492927074608,1.15912115708438,0.393385176502364,1.5132926065094
302,1.00285622124499,-0.823262004124374,-2.75652814399712,-0.955114732816233,1.53350458227767,1.01132820818648
303,0.879519270360119,0.16773969117905,1.30212652520458,1.443855296364,-0.287353249969955,1.78222388870103
304,-0.631854872213653,-2.1127848626331,0.616360891254986,-1.25896190390239,-1.99997773139831,-0.75681629589545
305,1.8619729113532,1.73819969650395,0.449027460487722,0.0304421455912026,0.709888944353645,1.24937867415997
306,-0.522805865585879,0.262582877481907,1.34372320971966,0.28573107351314,1.22751020237609,1.05350123824614
307,0.890876271814078,0.5134040668656,0.710789557480146,-0.0445531717275698,-0.769173115340705,0.948556412041003
308,1.19513999230665,0.51380734433151,-0.282061917873113,1.07081459382698,0.119954776475493,0.307661831316779
309,-1.50257224600672,1.17163173542921,1.84487307231327,1.11876889856766,0.314673940044871,0.546070053397251
310,0.944211430576473,-1.71619093095185,-1.99568676611447,-1.25651358454989,-1.08298071895271,-1.36852750721249
311,-2.13809954841175,0.0344408551469181,-0.534782874051485,-1.3541241322081,-0.906444070263772,0.889729218653369
312,0.173116938796909,0.255688872293723,-0.455436258088657,1.17082172853995,0.296635063296707,0.825536595183877
313,0.521424804812551,0.493572106483965,1.00749387312467,1.03347353538285,1.32870139188773,1.27818217786954
314,1.94662036993881,1.18249360135507,-2.76942322202956,-0.215072641088945,1.08775615259668,1.42171933661037
315,1.47432305532417,1.01547360884212,0.478787224874451,-0.0439495685773071,0.600039932901537,0.810905843929393
316,0.70105471165636,-0.791697672272944,-0.400741954444851,-1.00565568804776,-0.933139337690606,0.672938279882965
317,-0.607644250996409,0.128303985966528,-0.479605967207226,0.481383684003743,-1.09553731742012,-1.26463578038908
318,0.334014178146994,1.26990581569462,1.29901580634743,1.37824500473219,0.531515973895803,0.486877319462553
319,0.30342079554015,1.09382033185029,-2.31007898171195,-1.66797133656435,-2.0190700460416,-1.54246318870242
320,0.747913262100872,1.15015387239833,0.671729125514505,1.47332358321837,2.05196405612779,0.475505958627304
321,0.835359822157012,0.587817314873949,-1.37518602324534,-1.54947888617067,0.609467774788517,1.18684332546539
322,0.0364827049930333,1.60785936961529,1.39144807909839,0.00106533319667939,1.44959942536687,0.807275920270038
323,0.327561803208837,0.201246056866282,0.767678586704689,2.0725820484738,-0.71576487625369,1.54696268500512
324,0.661142574369362,1.56690682233173,1.11341409063874,0.308580105968233,1.4603246353272,0.0963426644278561
325,0.404081934130297,-0.030851767872551,0.702811996786955,1.72505370990122,0.00507409957441211,-0.113081101172016
326,1.74764350953047,1.90753314144584,0.940279562908364,1.93892494578297,0.211201101537967,1.3634975767586
327,0.926004200059954,0.667182719942831,-0.199036067692129,-0.382815877802923,1.51612868652007,0.105495513565685
328,1.21519390744265,-0.355805861452074,0.603244687620828,0.659227988525066,0.0113186863561871,-1.26945354937791
329,1.83678318878414,1.35613209706409,1.38268681768296,1.8425790195385,1.06807795101568,1.50214823695348
330,-0.792170525031574,1.94834944418835,0.273045439381345,1.42705759748807,0.107422663034559,-0.369804452376662
331,1.13088560956976,0.68013880360133,1.31190878140621,1.30526760977537,1.52284345216079,1.02679045579258
332,1.01439643858516,1.27744127846486,0.681198629948403,0.517745907762549,-1.89208937852537,0.960867998739398
333,1.83902306163304,1.95051415890315,1.85842624166317,1.34059745845565,1.41102686987151,2.00845933249103
334,-0.656386846844798,0.648241786613805,0.491492373909326,2.03567388277739,0.204380084561229,2.00845933249103
335,-1.32085955953806,-0.176117086522398,-1.55854184354201,-0.493905935628741,-3.2122182418757,0.360201650608532
336,0.726764486870013,1.19217686954719,0.692155227094572,0.970731309017014,1.5134243287467,1.19859637610961
337,1.88523096845203,1.00065551338908,1.52888054713143,-0.200667662994201,1.48623493255113,0.298408213045142
338,-0.635062677387753,0.725688438761218,-0.0166216654595541,0.921550163770797,1.23652085282942,1.56685974049682
339,0.773677916854565,1.69405532538573,1.11106542648185,1.30940150551277,0.50574080927118,1.28221453591488
340,0.899504045577003,1.12947191996473,0.396790863111017,-0.984723916401023,0.130662818017806,1.2347003479102
341,0.953090188632434,-1.01502787906956,-0.335587431321277,0.249646570099949,0.590672842241683,0.385264650546029
342,-3.59749228622302,0.898580539099086,0.249184955953396,1.2751454505958,-1.23186704704069,-1.30739601025015
343,1.12968333810528,0.317972169731647,0.313705454568838,1.37819482068549,1.94617171929704,1.15721131564798
344,-3.01196332237312,-0.116823016048666,1.00749387312467,1.5114042600685,0.697234527146778,0.808961296959131
345,1.00597466346033,-0.0853244161748045,0.289118315667323,1.39258943191491,0.324324001041784,0.61481268036994
346,-0.816642078363396,-1.0514916567617,-1.58200635804543,-0.968394452569708,-1.60134234128791,-3.19606462475059
347,0.351291008664919,0.794156333085731,0.575146329436697,-0.571011869765407,-0.307214084516474,0.520253871895662
348,-0.808511449378927,0.898580539099086,-1.46640238267362,-3.57307304561633,-1.92760641342378,-1.63016779936991
349,-2.07692808855124,-2.86804764602947,0.538545955282523,-1.85374080230279,-1.43597793815568,-3.33210302937443
350,1.19577376885503,1.48213896073728,0.957770202433157,1.77483390102981,0.390768063491458,0.993572214157057
351,0.361745915689241,-0.980296354381212,-3.96881079828171,1.06524191123813,-1.49073248455635,0.189883167891593
352,-0.137519090878447,-0.190778014195592,-0.136929826109252,-0.71565080205212,-0.56354929615916,1.04133887092084
353,-0.170912732440161,-4.54817047320624,0.452430897759152,-0.916675229700977,-1.76530301409395,-3.68644018407752
354,1.45375779504206,0.809088913182076,1.93857229565388,2.06468060092942,-0.0150909216919498,0.764107992594449
355,-0.877329058897204,-1.30836670457288,1.38091929411488,0.208029460189161,-0.279281992788793,-0.709590243476185
356,1.63193299027644,1.14225684655477,-0.796912419233004,0.0586235812818302,0.706801853567772,-2.98088195295626
357,-0.926697495219958,1.39710166916798,0.498580510092593,0.0673467304211661,0.509841536269386,-0.52783366826198
358,-0.289091427322166,-0.977599657918333,0.0234002849114732,-3.50077994552953,0.397729085859407,0.174664414631066
359,0.281006602742716,1.53942014278287,-0.388403251000738,0.578973503213921,-0.246829928854951,-0.784375883702057
360,-0.748705514557357,-1.31305280365479,0.767678586704689,-3.43357171998006,1.29327978773111,-1.67049067624957
361,-0.819074666922281,0.958772517608188,-0.345929513904292,1.5114042600685,2.31323435685942,0.664423425809729
362,1.27533458523586,1.64825675793113,-0.211116987311549,1.90311588306185,-0.324920199449236,2.00845933249103
363,-1.80425660172354,1.36280165993304,0.710789557480146,-0.618260135420803,1.05763443096675,-0.077973123399338
364,1.1625064795665,0.568288020031569,1.27771062032807,1.50691854698785,1.23641479672759,-0.0720323538670398
365,1.36647746396991,-0.343138810620916,1.40625421848348,0.713883696093153,0.145188869633531,0.179352240734015
366,0.495514330439545,0.743401021475934,1.45702185053566,0.864458480304396,1.65808398744716,1.17978491955987
367,-1.22882613518923,1.17321784843567,1.05224887347637,1.37947642809354,-1.55164974529262,0.817899744094589
368,2.02120005514248,1.57697390056934,0.686395614428004,1.10681543507503,1.53725431291355,0.926995764259436
369,0.00694223798420123,-0.0186357417875232,0.960780131154446,1.83161650114498,-1.22656043485125,0.43079074655673
370,-2.66723900830259,-0.1894941061959,0.904392703196395,-3.28471723018153,-0.0611815275696038,-1.58849199707452
371,-2.33543474287046,-1.11529043072484,-0.12681123216941,-0.683802787764892,-0.349967756787801,-1.19200232562955
372,-1.85683235266201,0.663831477727283,0.266673408712675,0.407485491370283,1.33485691950795,-0.127611374297196
373,0.338248782127708,-2.7645109633507,-1.63031690206874,-0.138921339697745,-0.932050141354356,-3.18271524027072
374,0.13061380057983,0.964052000908097,1.61851920005116,0.364697110431704,0.99277939537363,1.45591935721886
375,-0.783665849642115,-1.51565775453962,0.367420168806141,1.35764612241492,0.357595121803922,-0.716980043727632
376,-2.75467449458415,-0.707316848287546,-3.37770044147912,-0.459398597943634,0.570270649601207,-0.812522222752353
377,0.108023306174987,-1.22629737481314,-0.467951773502076,-0.568715303593406,-0.347989484081844,-2.17412158175054
378,0.409224454323557,0.650668599482216,0.842508735618881,0.785920151120471,-1.31514232166608,-0.386553228282561
379,-0.981663528486793,-0.892401591323377,0.11801333059526,0.0271418946174226,-0.0274559263254805,-0.831234965653689
380,1.35589890165365,0.823122224867003,1.26228247850923,1.2616068304229,0.985133701485153,1.31670311437951
381,-1.60234004199862,-0.503948043289289,-0.23801889928552,-3.36250650279791,-0.247989060140965,-1.47287230439074
382,-0.2848832350021,-0.801047487628362,1.60221061408559,1.57435937962139,-1.31472444300683,0.273290945036624
383,0.984942966226007,1.88345402480689,0.674733691936188,1.15641577695519,1.80151391953466,0.660886362723212
384,-0.348862343200942,-0.581379976243596,-0.844060158081485,1.07374905788456,0.0727857987839659,1.27284170119059
385,0.665131722301371,0.846925694141731,0.193594373403132,0.717291093974308,1.42793954634327,0.316365306879247
386,0.215555814751769,0.135537854545394,-1.25426423569696,0.599978941104546,-1.76985338534291,1.60867630789014
387,-0.518620526799503,1.0054775954842,1.60736850090136,0.779655192397698,1.82607329482774,-1.20298172872122
388,0.323430246099349,0.245769466628686,0.027076892447698,0.523917459896077,-0.901403477103388,0.242747249074554
389,-0.602013896924153,0.754226043620917,1.00749387312467,1.20158877731204,1.55564036879964,1.60867630789014
390,-0.740336605235516,0.619225734121113,0.608896078072416,1.31853531425714,0.300916617335687,1.42628833549866
391,-3.18676707489913,-3.87753317673621,-2.32819959624083,-0.479872565323725,-2.04863589073722,-1.92902130597647
392,-0.0411021027959654,0.021125460248585,0.312893201249666,1.20398966280739,0.369392646569765,-1.65870470161132
393,0.460799514611446,-0.449853373187701,-1.43857225915905,-0.0629898677378886,0.00620039730264981,-0.586223489088946
394,-0.276711060961989,0.491166915073481,1.05117439163762,0.772127964149791,1.18581617732064,-1.65539511760342
395,0.508192769880447,-0.411920803398085,-0.128965854249881,-0.317764188727428,0.572297112098851,-0.00932842909046527
396,0.83189422396438,-3.92727834963663,-1.91094029973266,-2.35762971211762,1.30133465708242,-3.15935866844348
397,-0.892271079035199,1.17279444160835,0.924184541760662,0.216492207906285,0.757635775592834,-0.937164231227094
398,1.24635077906775,1.56636918283784,-1.11254988851081,1.32484592238015,-0.101433540335387,-0.304624890129313
399,-0.378599624562878,1.22925535911372,-1.02031035198128,0.181270543441014,-1.49793273239796,-0.403750865573132
400,1.53671325573944,-0.523879158268004,0.686395614428004,1.55394714041616,1.79534956864686,1.31395932286488
401,-0.014880267237457,1.1493891758001,-0.0938107414720543,-1.90834633882122,-0.209037902021273,-1.79088453661148
402,0.00986404238552789,-1.14286925770706,0.929719339702197,1.43898071868595,1.03571821840618,1.42932898738146
403,-0.486061348360415,1.01307452797101,0.55839540693827,0.868976132420881,0.300102619330425,-0.844294819289225
404,-0.0769697261127413,0.379646310306173,0.359519646803884,-2.97826215861578,-1.98475965181034,-1.33877522397617
405,0.468591727451418,-1.2670951700738,0.757424676041039,0.463091792540149,0.511035444593443,1.20397886879314
406,0.940422458308869,1.02966972579393,1.46382706906592,1.35849010769921,1.37587529253407,1.38116802904761
407,0.866662427178501,-0.637594962530373,-0.382707188957243,-0.0243152831902375,-1.53345107015551,-1.16351122877531
408,1.76611469324445,-0.240891242249173,1.3964879908941,1.01711594727215,1.19269460166468,-0.756303881485431
409,-0.607211196275596,1.47824699792489,0.795743319055994,-0.426651266336529,-0.322958049003942,-0.547467771056565
410,0.445765605080117,0.469429357364775,0.559609521788428,1.37294224007691,0.456136519728821,1.02875078720543
411,-1.13522556556368,-0.270933994706237,0.538545955282523,0.213387657329622,0.810349298628051,1.06918582728714
412,0.0292267954495326,0.792167080104319,-0.449183940532148,-0.270522321902073,-0.883209338492575,-2.47069475442422
413,1.28758930209151,1.95051415890315,1.17426213219978,0.683890039069054,1.229782513068,1.31937339352617
414,1.13057102307956,1.56303452699365,-0.0584765821472084,1.3418479419198,0.0513242871005177,1.62505911078206
415,1.33034317720552,1.74409098457527,1.6657661113383,1.12635989897797,1.52764234427738,1.47889431631961
416,0.583829721259208,0.676731402894872,0.168135282887879,0.600797002193736,1.5983848478569,-1.07383343309238
417,-0.0945465057360383,0.975084509373909,-1.73455593543483,0.336888700521879,0.821150027067708,0.485943699550781
418,-0.0766865463107179,0.605557856536947,1.92912975766725,0.101312139872846,0.836692107692766,0.790500683502752
419,0.45318019972329,1.14939252309778,1.12806423485618,1.49347506726267,-0.305728536548541,0.352526723196148
420,0.901108526988977,-1.44497409620349,-3.45580998880548,-0.895396215898737,-2.71517670843975,-0.69966083493278
421,0.91192317951853,0.736715942098664,0.976291003033845,-0.0258401693005365,0.035091002148985,0.740727357947848
422,-0.977114456534257,-0.909942446355237,-2.25471401795154,-3.37128854667539,-0.10922868968904,-0.889903787646402
423,1.59441851261143,1.52418525940062,1.39556366704664,0.85778639963998,1.028463118313,1.76499989092278
424,0.273233899995695,0.167070705227396,0.821949438188501,1.44096102737692,1.71817723379724,0.1558177459423
425,0.704831476236107,-0.414130941735916,-1.47268316140216,-0.207481885245875,-1.44050845753869,-1.29677464976403
426,0.423566591384554,1.55713921894101,1.53956225800128,0.530134549688872,1.10453119980314,1.68021008502616
427,-1.16757558848079,-3.13064314723172,-1.27847609487707,1.31628940607585,0.995826307932244,-1.77416519960011
428,0.20670948247573,1.03228195144368,1.27767727400668,1.29533803497081,-1.06297966946366,-0.100516067651142
429,0.0919150210701858,-1.02300296692803,-1.9601920060846,-3.01471919694229,0.619836197135973,-0.788494187664007
430,0.313924844236889,0.595316407728222,1.22755466328567,-0.831472363605324,0.720637619445103,-0.217126692004901
431,0.169135003525388,-1.86012523840824,0.575146329436697,-0.91226368343266,-0.748147940647255,0.355546695925772
432,0.706739210383788,-0.0284831437937287,0.94995818539784,0.504734687818755,-0.434713825741521,0.344009993101839
433,-0.795394811323702,1.5378727163873,0.53686562026046,0.143170799243395,0.55897638980774,0.191072868706449
434,0.249531150124953,0.667781474945443,-1.32439921385104,-1.12762169914307,0.768525591271777,1.05911726877353
435,-0.0237463814766932,0.990910537691155,-0.0774592183695083,-0.27273697344805,0.303168512033287,0.788447981880049
436,-1.21472628202043,0.750706497274002,-0.764593263618952,-0.27659280923913,-0.691349681478729,0.80408869795931
437,-0.203418306874399,-0.385302639947716,0.681348670722187,-1.56168939827154,-0.27860413936357,0.268567632978202
438,-0.0994791728624257,1.59983239182514,-2.45107874209951,0.829133274739262,-0.602521442262926,-0.462519330856835
439,0.953588536684626,1.20976332494227,-1.92628686336552,1.41284567708337,0.585133631416341,0.460273665707392
440,1.19186206786991,-0.393812251642391,-0.312998962433437,0.347992165774398,1.42041008345917,0.257090523766391
441,1.02267129379051,-0.0784944777886869,-0.552014269455477,-0.0914254076478861,0.327499310831038,-0.707483448357538
442,1.42057028425974,1.56335163022605,0.665360828038646,2.07273330013211,1.15686336589574,1.22377514955948
443,1.66321039508827,0.510602453824778,0.816839263869612,0.113642582755639,0.286919222092817,-0.0617285342144801
444,1.61979703146187,1.56636918283784,0.518641790719956,-1.0442945828703,-1.91992593356553,1.01381415456449
445,1.09577729322372,0.0247751741682854,-1.4516663598333,-0.901074660032118,1.03592094781404,-0.775293091341324
446,-0.641065478660921,-1.15366883900257,-0.31204651147165,-0.371993569905775,-1.33118168217146,-1.09535362399302
447,-0.459442967102952,0.192025074429969,-2.14116687673489,0.0899096902335012,-0.940652024273168,-1.3135302820106
448,-0.512417190728826,-0.933947413707033,0.59985412029697,-1.10476902903787,0.679773180048194,1.26620094142274
449,0.812529502059841,-2.46383260391278,-0.478424569606591,0.175116448050017,1.41052090756314,1.36695736816399
450,0.429608397095542,1.18356768189972,1.81977380840321,0.779257420893185,0.0384777244080536,0.46429310481186
451,0.627155466493857,0.275066708912796,1.88987072338348,0.613813910232577,0.13613882805618,1.31349016746997
452,-0.926554201379277,0.434070068317146,-1.30035041024316,0.461287562520009,0.190811697622988,0.926219267642419
453,-0.56031932243876,0.467258864502489,-0.181189025061058,0.602312660367616,0.550913981775736,1.87378335149387
454,0.795682313917996,1.56750777884572,1.00097147328798,-0.356252140917669,-0.459216228344525,0.624389270337764
455,1.22080549423937,0.894281297574017,1.13347492382095,-0.636143092206196,0.288267564984873,0.990832398532194
456,-0.654307822926255,-0.939412578041262,-2.44185411344459,-1.13424895096759,0.234416764773651,-0.0296136105135841
457,1.09723611782874,1.05769568690356,0.624189462008523,-0.567340911342788,0.54561313763982,0.0894883809591292
458,0.527479301153986,0.805910122241936,0.563078751019925,0.970561524874247,-0.518678898724898,1.54518432758659
459,0.851398664920677,0.664624264828328,-0.312998962433437,0.805940975287121,0.572084698961519,0.607184987521603
460,1.71539120252103,1.27418612698855,1.92912975766725,0.785116570712917,1.05076492505504,0.146635111960824
461,-0.773274395017715,-0.63630405719389,0.545178265997915,-1.11312316924257,-0.637520093447587,-0.144772767663801
462,-1.11593844273087,-0.376046081618219,0.999114526179173,-0.1279773134437,0.231929532264916,0.0348636569300083
463,0.0275708685473383,0.825374145512028,-0.070142068044737,1.24454179202484,0.105263833638509,0.275398869526446
464,-0.0332057868662327,0.959363242698735,-0.346512452159479,-0.1590291450777,-0.816865485217067,0.0597181262884802
465,0.865627080244895,-1.5934176577279,-0.571566927640571,-2.19615369506608,-0.940032762940919,-1.28873538374156
466,0.840778575333802,-0.128581743353701,2.06786530375449,2.18546627588368,1.50466827739638,1.27344900939831
467,-0.138882840460651,0.62407444518158,-2.63771731437368,0.212911535265573,-1.31202706527975,0.769116105585766
468,-0.00721338784100922,-0.363178211184239,0.396790863111017,0.802089787195364,0.601118316196165,0.292758132404609
469,1.0021375355666,-1.41249133621247,-1.39935602931237,0.0790981618493689,-1.12780436290269,-1.04188040765672
470,-0.401342715472986,0.1664941980144,0.534879362759539,-0.0856929865429591,-0.0514438302552359,-0.0871088587906149
471,1.00005077520685,0.744634324788898,-0.557604905178492,0.514453872990324,1.08407620207953,-0.681717642858503
472,-1.31967858162994,-2.71037060845794,-0.540693129782593,-0.901087721706593,-1.83390846654766,-3.08057621028478
473,-1.24270388144255,-0.203694989421858,-0.724872451809966,-0.87130092781015,1.40442208363157,-2.43591166733682
474,0.832656632599774,1.00033739801769,0.428887864831145,-1.05335680666554,-1.31482775269593,0.62292665205984
475,0.868752187581839,-0.32940513993206,-1.39462055432566,0.75183454237368,0.500064770314833,0.683476666566863
476,0.497077015912254,-0.142061400647015,1.52274213277052,0.449788948220197,-0.0142710136550734,1.41977727373133
477,-1.42939266614739,-0.356758120007437,-2.21759622584112,-2.3944743510393,0.614626403793923,-0.62084019557404
478,-0.184571393563589,1.55713921894101,-0.116057356249914,0.76122265140288,0.919655276917397,-1.14399114524773
479,0.171428154869317,1.12628950887298,1.00749387312467,0.46486288168211,0.53803560351947,0.992375384319058
480,-0.603270414256152,1.73819969650395,-0.455699529273098,0.649852213605175,0.601118316196165,0.230736969351941
481,0.231046049361786,1.11267749833189,0.155554312072433,-0.506050148699284,-0.143147489126382,0.23907788523081
482,0.705268818689874,1.03743545477692,0.759435106426405,0.832008579567344,-0.402340406662794,0.758363706140529
483,0.512662032620438,-0.386151516752369,0.0995267918767649,0.421092865747527,-1.39742401111853,0.176073923601435
484,-2.3342957839794,-3.57226991849535,-0.438233950418553,-3.43959577371799,-2.50959888763046,-2.90648217943817
485,-0.271394739319924,-1.47957362032953,-0.0144158454580307,-0.147640907330562,0.0310565764700351,-0.660279373916236
486,-0.173644787481931,0.387168991200472,0.834566772892057,1.5096357571275,-0.0309049875948545,0.682480648740509
487,0.667815065408989,1.26401255844886,0.800554044487752,0.392536998206185,-0.979413407183623,-0.449831185471681
488,1.51407110705555,0.0255262581972133,0.34269438783473,-0.107671444438117,0.870807615871478,-0.66850249693714
